,CBR,LGBMR,XGBR,GBR,HGBR
0,1.358894,1.359382,1.37046,1.405447,1.377722
1,1.347993,1.344494,1.359912,1.403528,1.358088
2,1.361931,1.36247,1.372256,1.406884,1.378685
3,1.356166,1.35425,1.363391,1.407246,1.377509
4,1.364894,1.363064,1.373797,1.420295,1.375921
5,1.340329,1.341144,1.354699,1.392927,1.358108
6,1.33774,1.336088,1.34539,1.385542,1.352698
7,1.353621,1.348972,1.366038,1.407299,1.373787
8,1.369033,1.367763,1.378347,1.409663,1.383902
9,1.36775,1.365637,1.381963,1.41951,1.383923
